Team,Margin,Wins,Top.8,Top.4,Top.1,Round,Season
Adelaide,446.51849999999996,15.94125,0.8533,0.5283,0.106,1,2018
Brisbane Lions,-508.3116,4.08185,0.0476,0.0058,3e-4,1,2018
Carlton,-323.7987,6.72055,0.1729,0.0396,0.0018,1,2018
Collingwood,-38.38100000000002,10.57,0.3899,0.1114,0.0091,1,2018
Essendon,58.913100000000014,12.262599999999999,0.5197,0.2282,0.0442,1,2018
Footscray,-146.0661,9.0434,0.2864,0.0673,0.0016,1,2018
Fremantle,-526.0989999999999,4.28085,0.0463,0.0044,1e-4,1,2018
Geelong,194.81289999999998,13.96245,0.6462,0.3071,0.0595,1,2018
Gold Coast,-391.25,6.04925,0.0894,0.0126,7e-4,1,2018
GWS,373.3268,14.86285,0.7477,0.4038,0.0729,1,2018
Hawthorn,39.94160000000001,11.5875,0.4656,0.1859,0.0283,1,2018
Melbourne,-23.99269999999999,10.654,0.3751,0.125,0.0146,1,2018
North Melbourne,-197.65749999999997,7.4186499999999995,0.1692,0.0296,0.001,1,2018
Port Adelaide,296.4351,15.26355,0.7445,0.4631,0.1182,1,2018
Richmond,478.2681,18.1331,0.8847,0.6842,0.3496,1,2018
St Kilda,-81.20620000000001,10.392,0.3694,0.1426,0.0261,1,2018
Sydney,394.3236,16.47455,0.8249,0.551,0.1575,1,2018
West Coast,-45.77690000000001,10.3016,0.3672,0.1101,0.0085,1,2018
Adelaide,306.213,14.7076,0.7457,0.4236,0.0882,2,2018
Brisbane Lions,-374.5669,5.1112,0.0905,0.0196,0.0013,2,2018
Carlton,-295.1996,6.85025,0.1819,0.0508,0.0034,2,2018
Collingwood,-63.38489999999999,9.824250000000001,0.3478,0.1105,0.0088,2,2018
Essendon,-17.696099999999998,10.8255,0.4227,0.1721,0.0288,2,2018
Footscray,-308.60769999999997,6.72475,0.1422,0.0253,0.0012,2,2018
Fremantle,-297.4409,7.08515,0.1492,0.0313,0.0031,2,2018
Geelong,165.573,13.9216,0.6408,0.3449,0.0963,2,2018
Gold Coast,-165.9642,8.7556,0.2435,0.0685,0.0074,2,2018
GWS,335.7453,15.03975,0.7576,0.4532,0.1189,2,2018
Hawthorn,37.59669999999997,12.546899999999999,0.5244,0.2775,0.0842,2,2018
Melbourne,47.37430000000003,11.821200000000001,0.4748,0.2174,0.0483,2,2018
North Melbourne,-9.837600000000013,9.7569,0.3351,0.1058,0.0097,2,2018
Port Adelaide,308.966,15.80135,0.7694,0.5261,0.2054,2,2018
Richmond,171.497,14.3591,0.6588,0.4084,0.1213,2,2018
St Kilda,-198.7645,8.71045,0.2577,0.0934,0.0153,2,2018
Sydney,257.8004,14.86105,0.7214,0.4317,0.114,2,2018
West Coast,100.6967,12.2974,0.5365,0.2399,0.0444,2,2018
Adelaide,450.5061,16.4766,0.9067,0.6186,0.1831,3,2018
Brisbane Lions,-364.4429,4.59915,0.0435,0.0041,0,3,2018
Carlton,-413.5075,4.37885,0.0666,0.0093,2e-4,3,2018
Collingwood,-30.454800000000017,10.6167,0.384,0.1052,0.0062,3,2018
Essendon,-110.9053,8.976700000000001,0.2719,0.0752,0.007,3,2018
Footscray,-240.956,7.8528,0.1596,0.0247,4e-4,3,2018
Fremantle,-245.7793,7.8565000000000005,0.1293,0.0221,0.001,3,2018
Geelong,155.98839999999998,13.13375,0.6233,0.2471,0.0326,3,2018
Gold Coast,-322.15659999999997,6.5232,0.0687,0.0066,0,3,2018
GWS,353.7432,15.0882,0.8219,0.4349,0.0727,3,2018
Hawthorn,79.80490000000002,12.73075,0.5637,0.2651,0.043,3,2018
Melbourne,117.89169999999999,12.9556,0.5616,0.2541,0.0637,3,2018
North Melbourne,-106.09200000000001,8.20785,0.2009,0.0373,4e-4,3,2018
Port Adelaide,272.07079999999996,16.01925,0.8053,0.5344,0.1925,3,2018
Richmond,234.403,15.9556,0.7731,0.5278,0.2051,3,2018
St Kilda,-311.9291,6.934200000000001,0.1246,0.0269,0.0023,3,2018
Sydney,336.32280000000003,16.27025,0.8496,0.5542,0.1595,3,2018
West Coast,145.4926,13.42405,0.6457,0.2524,0.0303,3,2018
Adelaide,242.71840000000003,13.72395,0.6848,0.2918,0.0409,4,2018
Brisbane Lions,-495.317,3.60165,0.0166,0.0013,0,4,2018
Carlton,-582.9418,2.883,0.0217,0.0019,0,4,2018
Collingwood,197.73810000000003,14.03155,0.6852,0.3394,0.0533,4,2018
Essendon,-71.1433,9.74475,0.2816,0.079,0.0091,4,2018
Footscray,-217.7036,7.77295,0.1284,0.0138,3e-4,4,2018
Fremantle,-253.4856,7.747,0.1106,0.0164,3e-4,4,2018
Geelong,220.6654,13.53365,0.6359,0.2896,0.0596,4,2018
Gold Coast,-419.6868,5.90345,0.0329,0.0019,1e-4,4,2018
GWS,364.6861,15.2438,0.8216,0.4579,0.0873,4,2018
Hawthorn,274.8442,15.3162,0.7761,0.4791,0.1048,4,2018
Melbourne,-52.30499999999999,10.61535,0.3231,0.0989,0.0179,4,2018
North Melbourne,52.21540000000001,9.6966,0.294,0.0773,0.0065,4,2018
Port Adelaide,206.9846,14.5985,0.711,0.3829,0.1083,4,2018
Richmond,348.0471,16.8603,0.8393,0.6108,0.2937,4,2018
St Kilda,-374.65979999999996,6.3967,0.0741,0.0125,0.001,4,2018
Sydney,304.9952,16.09345,0.8414,0.5258,0.1526,4,2018
West Coast,254.34839999999997,14.23715,0.7217,0.3197,0.0643,4,2018
Adelaide,257.80490000000003,14.02205,0.7821,0.4128,0.0495,5,2018
Brisbane Lions,-476.75489999999996,2.86945,0.0103,9e-4,0,5,2018
Carlton,-522.9581,3.19585,0.0179,0.0011,0,5,2018
Collingwood,294.514,14.7064,0.8227,0.4994,0.098,5,2018
Essendon,-173.4356,7.8946000000000005,0.1612,0.0317,0.0018,5,2018
Footscray,-350.57,5.6152500000000005,0.042,0.0029,0,5,2018
Fremantle,-119.26750000000001,8.9429,0.1952,0.028,0.0015,5,2018
Geelong,320.9352,14.5008,0.8227,0.4554,0.1279,5,2018
Gold Coast,-355.18129999999996,6.7085,0.0451,0.0042,2e-4,5,2018
GWS,299.111,13.80785,0.749,0.363,0.0462,5,2018
Hawthorn,174.692,13.1026,0.6659,0.32,0.0395,5,2018
Melbourne,-124.90360000000001,9.31335,0.2481,0.0611,0.0082,5,2018
North Melbourne,126.16519999999998,10.4633,0.3788,0.1007,0.0081,5,2018
Port Adelaide,103.67190000000001,12.3264,0.5703,0.2258,0.0293,5,2018
Richmond,408.18219999999997,17.02455,0.8986,0.7184,0.4369,5,2018
St Kilda,-343.902,6.4411499999999995,0.0816,0.0121,8e-4,5,2018
Sydney,256.91159999999996,14.61525,0.8047,0.4669,0.0981,5,2018
West Coast,224.98499999999999,13.44975,0.7038,0.2956,0.054,5,2018
Adelaide,295.2041,14.82235,0.7992,0.4275,0.0492,6,2018
Brisbane Lions,-481.0621,3.2615000000000003,0.0108,5e-4,0,6,2018
Carlton,-553.4155,3.06055,0.0097,1e-4,0,6,2018
Collingwood,192.51399999999998,13.86495,0.7059,0.2864,0.0213,6,2018
Essendon,-277.5673,6.95695,0.0753,0.0089,2e-4,6,2018
Footscray,-316.2498,6.79575,0.0593,0.0036,0,6,2018
Fremantle,-119.83439999999999,9.09785,0.1643,0.0198,5e-4,6,2018
Geelong,263.53790000000004,13.94355,0.7428,0.2903,0.0402,6,2018
Gold Coast,-414.0145,6.61135,0.0273,0.0014,0,6,2018
GWS,321.7839,14.5369,0.7676,0.3623,0.0397,6,2018
Hawthorn,232.7501,14.46045,0.738,0.3844,0.0433,6,2018
Melbourne,-32.90549999999999,11.18575,0.3609,0.0996,0.0155,6,2018
North Melbourne,31.402200000000008,9.53905,0.2219,0.0385,8e-4,6,2018
Port Adelaide,200.4527,14.3481,0.7124,0.343,0.0514,6,2018
Richmond,526.0065,18.9445,0.949,0.8275,0.572,6,2018
St Kilda,-411.7441,6.069599999999999,0.0472,0.0037,1e-4,6,2018
Sydney,321.7846,16.2633,0.8891,0.5984,0.1139,6,2018
West Coast,221.3572,14.23755,0.7193,0.3041,0.0519,6,2018
Adelaide,308.5582,14.9725,0.8019,0.4672,0.0565,7,2018
Brisbane Lions,-466.76439999999997,3.1739,0.0066,1e-4,0,7,2018
Carlton,-555.3332,3.2664500000000003,0.0096,0,0,7,2018
Collingwood,172.7288,13.839,0.6964,0.2611,0.0171,7,2018
Essendon,-304.8113,6.4822500000000005,0.0383,0.0037,0,7,2018
Footscray,-343.4844,6.69625,0.0448,0.0024,0,7,2018
Fremantle,-191.2937,8.6218,0.1109,0.0099,0,7,2018
Geelong,379.7835,15.0079,0.8684,0.4297,0.0675,7,2018
Gold Coast,-397.8368,6.5959,0.0205,8e-4,0,7,2018
GWS,205.63750000000002,13.2079,0.6097,0.2169,0.0077,7,2018
Hawthorn,266.7589,15.05905,0.7941,0.4572,0.0466,7,2018
Melbourne,22.450200000000006,12.0017,0.43120000000000003,0.1021,0.0172,7,2018
North Melbourne,75.37170000000002,10.7771,0.3344,0.069,0.0011,7,2018
Port Adelaide,126.28249999999998,13.3487,0.6152,0.2469,0.0197,7,2018
Richmond,607.0404,19.4033,0.9742,0.8791,0.6438,7,2018
St Kilda,-483.53770000000003,5.24695,0.0177,0.0017,0,7,2018
Sydney,269.7201,15.00775,0.8089,0.4318,0.0457,7,2018
West Coast,308.72970000000004,15.2916,0.8172,0.4204,0.0771,7,2018
Adelaide,284.6608,14.1639,0.7514,0.3565,0.0187,8,2018
Brisbane Lions,-455.6746,3.1757,0.0036,1e-4,0,8,2018
Carlton,-503.2156,4.43245,0.0134,5e-4,0,8,2018
Collingwood,135.9967,13.1132,0.6211,0.153,0.0044,8,2018
Essendon,-348.19669999999996,5.56945,0.0162,7e-4,0,8,2018
Footscray,-365.96209999999996,6.6392,0.0328,0.002,0,8,2018
Fremantle,-168.6971,8.9753,0.122,0.0116,1e-4,8,2018
Geelong,411.343,15.51665,0.9107,0.4972,0.0798,8,2018
Gold Coast,-524.9437,5.69915,0.0033,0,0,8,2018
GWS,132.6121,11.8514,0.4163,0.0896,0.001,8,2018
Hawthorn,247.99699999999999,14.301,0.7528,0.3439,0.016,8,2018
Melbourne,154.105,13.18135,0.5898,0.1875,0.0284,8,2018
North Melbourne,99.7543,10.8241,0.3165,0.0457,1e-4,8,2018
Port Adelaide,151.6928,14.1321,0.6862,0.29,0.0145,8,2018
Richmond,588.1537,19.3358,0.9754,0.8731,0.6197,8,2018
St Kilda,-516.6825,4.85485,0.0077,1e-4,0,8,2018
Sydney,293.6545,15.67105,0.875,0.5383,0.0673,8,2018
West Coast,383.4024,16.56335,0.9058,0.6102,0.15,8,2018
Adelaide,282.7333,14.2294,0.7702,0.3892,0.0288,9,2018
Brisbane Lions,-292.353,5.1123,0.0152,3e-4,0,9,2018
Carlton,-645.6099,3.5597499999999997,0.0036,0,0,9,2018
Collingwood,146.0305,13.1704,0.6465,0.1616,0.0077,9,2018
Essendon,-212.4107,7.441450000000001,0.0639,0.0044,0,9,2018
Footscray,-372.62170000000003,6.6716999999999995,0.0379,0.0014,0,9,2018
Fremantle,-221.75730000000001,8.5093,0.0931,0.006,0,9,2018
Geelong,290.0872,13.8976,0.7794,0.2711,0.0165,9,2018
Gold Coast,-554.9768,5.31915,0.0017,0,0,9,2018
GWS,39.854299999999995,10.67455,0.259,0.0287,0,9,2018
Hawthorn,86.51809999999999,12.0674,0.4819,0.1263,0.0022,9,2018
Melbourne,323.46639999999996,14.4232,0.7877,0.3744,0.0878,9,2018
North Melbourne,178.0782,11.84085,0.4672,0.0941,5e-4,9,2018
Port Adelaide,190.0237,14.61575,0.766,0.3738,0.0318,9,2018
Richmond,472.45459999999997,18.1264,0.9496,0.7866,0.4507,9,2018
St Kilda,-521.029,4.89855,0.0044,1e-4,0,9,2018
Sydney,337.0587,15.79165,0.9019,0.5896,0.0933,9,2018
West Coast,474.4534,17.6506,0.9708,0.7924,0.2807,9,2018
Adelaide,118.7428,12.3651,0.5588,0.143,9e-4,10,2018
Brisbane Lions,-287.998,5.04075,0.0102,0,0,10,2018
Carlton,-609.5328,3.87905,0.0048,0,0,10,2018
Collingwood,162.2432,13.26425,0.6884,0.1634,0.0052,10,2018
Essendon,-98.7106,9.2155,0.1579,0.0152,1e-4,10,2018
Footscray,-417.5516,6.21765,0.0132,1e-4,0,10,2018
Fremantle,-280.66949999999997,7.74895,0.0336,5e-4,0,10,2018
Geelong,261.4658,13.71015,0.753,0.25,0.0119,10,2018
Gold Coast,-562.5536,5.21055,0.0033,0,0,10,2018
GWS,-57.8925,9.23385,0.1199,0.0054,0,10,2018
Hawthorn,85.6765,11.90935,0.484,0.0847,3e-4,10,2018
Melbourne,515.9958,16.3351,0.9493,0.642,0.2089,10,2018
North Melbourne,229.2956,12.6349,0.5866,0.1417,4e-4,10,2018
Port Adelaide,190.5618,14.64965,0.7721,0.3871,0.0332,10,2018
Richmond,435.2728,17.76455,0.9397,0.7504,0.3604,10,2018
St Kilda,-501.0518,4.98445,0.0038,0,0,10,2018
Sydney,330.904,15.8112,0.9308,0.5727,0.0648,10,2018
West Coast,485.8021,18.025,0.9906,0.8438,0.3139,10,2018
Adelaide,42.43529999999999,10.7376,0.3269,0.0325,0,11,2018
Brisbane Lions,-331.4246,4.86435,0.002,0,0,11,2018
Carlton,-565.6434,4.17645,0.0052,0,0,11,2018
Collingwood,225.868,13.807,0.7671,0.2208,0.0065,11,2018
Essendon,-203.8444,8.27605,0.0624,8e-4,0,11,2018
Footscray,-464.8618,5.83775,0.0039,0,0,11,2018
Fremantle,-337.08209999999997,7.39175,0.0156,1e-4,0,11,2018
Geelong,370.5148,14.29795,0.8292,0.3501,0.0227,11,2018
Gold Coast,-684.5639,4.71735,0,0,0,11,2018
GWS,14.837000000000007,10.59975,0.2217,0.0126,0,11,2018
Hawthorn,102.0611,12.60045,0.5501,0.0778,0,11,2018
Melbourne,553.7827,16.47545,0.9623,0.6765,0.23,11,2018
North Melbourne,287.1264,13.18375,0.6582,0.1942,7e-4,11,2018
Port Adelaide,182.2374,14.06115,0.7462,0.2869,0.0046,11,2018
Richmond,539.5898,18.53425,0.9804,0.8479,0.4843,11,2018
St Kilda,-443.75350000000003,5.3953500000000005,0.0038,0,0,11,2018
Sydney,276.4267,15.3334,0.8787,0.4909,0.0366,11,2018
West Coast,436.29449999999997,17.7102,0.9863,0.8089,0.2146,11,2018
Adelaide,30.139300000000006,10.01625,0.2052,0.0037,0,12,2018
Brisbane Lions,-382.9353,4.04355,2e-4,0,0,12,2018
Carlton,-558.2858,4.46675,0.0029,0,0,12,2018
Collingwood,344.0856,15.3491,0.9216,0.4776,0.0244,12,2018
Essendon,-159.3271,9.0732,0.0587,8e-4,0,12,2018
Footscray,-456.1129,5.93025,0.0048,0,0,12,2018
Fremantle,-325.35020000000003,8.05645,0.0129,1e-4,0,12,2018
Geelong,432.0812,15.0099,0.9104,0.4397,0.0588,12,2018
Gold Coast,-792.0899,4.45135,0,0,0,12,2018
GWS,118.413,11.1395,0.2769,0.0151,0,12,2018
Hawthorn,98.1884,12.5246,0.5127,0.0568,2e-4,12,2018
Melbourne,433.8574,14.69735,0.8739,0.3753,0.1085,12,2018
North Melbourne,234.487,12.39415,0.5153,0.0712,0,12,2018
Port Adelaide,216.20589999999999,14.89385,0.8313,0.3745,0.0089,12,2018
Richmond,504.786,17.61415,0.9682,0.7854,0.393,12,2018
St Kilda,-536.2507,4.676,0.0015,0,0,12,2018
Sydney,367.9196,16.0189,0.9213,0.6042,0.1136,12,2018
West Coast,430.18850000000003,17.6447,0.9822,0.7956,0.2926,12,2018
Adelaide,26.001799999999996,10.61935,0.1838,7e-4,0,13,2018
Brisbane Lions,-398.2017,3.03035,0,0,0,13,2018
Carlton,-623.9634,2.95225,1e-4,0,0,13,2018
Collingwood,255.08950000000002,14.48285,0.7976,0.3667,0.0359,13,2018
Essendon,-176.1883,8.4373,0.0348,0.0017,0,13,2018
Footscray,-422.0086,6.0298,0.0026,0,0,13,2018
Fremantle,-180.0993,9.3214,0.0355,4e-4,0,13,2018
Geelong,355.3462,14.4518,0.8701,0.3669,0.0117,13,2018
Gold Coast,-600.1987,5.0667,0,0,0,13,2018
GWS,157.3825,12.0236,0.4085,0.0454,0,13,2018
Hawthorn,166.52519999999998,13.41885,0.6574,0.1157,0.0012,13,2018
Melbourne,360.5949,14.23745,0.7873,0.3385,0.0983,13,2018
North Melbourne,213.7374,12.5844,0.5251,0.0941,1e-4,13,2018
Port Adelaide,228.44299999999998,15.2633,0.8542,0.4792,0.0256,13,2018
Richmond,429.3699,17.4368,0.955,0.7855,0.4461,13,2018
St Kilda,-474.1777,5.5068,6e-4,0,0,13,2018
Sydney,310.6689,15.9468,0.9149,0.6072,0.1239,13,2018
West Coast,371.6784,17.1902,0.9725,0.798,0.2572,13,2018
Adelaide,28.275300000000005,10.6703,0.1785,3e-4,0,14,2018
Brisbane Lions,-412.8621,2.8767,0,0,0,14,2018
Carlton,-612.9808,2.968,0,0,0,14,2018
Collingwood,248.17669999999998,14.53695,0.7932,0.3906,0.047,14,2018
Essendon,-114.8602,9.60795,0.0781,0.0038,0,14,2018
Footscray,-410.6127,5.84895,1e-4,0,0,14,2018
Fremantle,-181.74,9.27665,0.0313,0.001,0,14,2018
Geelong,354.8294,14.4075,0.8526,0.3764,0.0228,14,2018
Gold Coast,-636.6952,4.903,0,0,0,14,2018
GWS,173.1441,12.2295,0.4203,0.0626,0,14,2018
Hawthorn,201.90200000000002,13.59795,0.6897,0.1548,0.0032,14,2018
Melbourne,358.925,13.95975,0.766,0.3068,0.0812,14,2018
North Melbourne,203.1009,12.72695,0.5128,0.099,5e-4,14,2018
Port Adelaide,230.6517,15.5603,0.8927,0.5538,0.0401,14,2018
Richmond,428.0607,17.4392,0.9536,0.8021,0.5183,14,2018
St Kilda,-477.5981,5.43425,6e-4,0,0,14,2018
Sydney,309.5384,15.8998,0.9027,0.6207,0.1653,14,2018
West Coast,310.7449,16.0563,0.9278,0.6281,0.1216,14,2018
Adelaide,50.547000000000004,11.93355,0.3613,0.0326,0,15,2018
Brisbane Lions,-322.6124,4.026,0,0,0,15,2018
Carlton,-625.8814,2.16575,0,0,0,15,2018
Collingwood,275.9636,14.80175,0.8489,0.5105,0.1166,15,2018
Essendon,-89.6787,10.32065,0.0802,0.0052,0,15,2018
Footscray,-408.7993,6.87705,9e-4,0,0,15,2018
Fremantle,-270.0229,8.0833,0.0053,0,0,15,2018
Geelong,338.0144,13.1577,0.688,0.1385,2e-4,15,2018
Gold Coast,-665.4578,4.6574,0,0,0,15,2018
GWS,161.84810000000002,12.6466,0.4659,0.1351,0.0039,15,2018
Hawthorn,199.5742,13.3903,0.6819,0.135,5e-4,15,2018
Melbourne,351.0688,13.078,0.6501,0.1764,0.0033,15,2018
North Melbourne,189.3955,12.82195,0.5255,0.1473,0.001,15,2018
Port Adelaide,232.4575,15.6499,0.9087,0.6275,0.0863,15,2018
Richmond,462.4304,17.40605,0.9903,0.9266,0.67,15,2018
St Kilda,-464.4849,5.4452,2e-4,0,0,15,2018
Sydney,281.8972,14.8579,0.8658,0.511,0.026,15,2018
West Coast,303.7407,15.68095,0.927,0.6543,0.0922,15,2018
Adelaide,9.451599999999997,11.5704,0.246,2e-4,0,16,2018
Brisbane Lions,-265.5707,4.2932,0,0,0,16,2018
Carlton,-682.9913,1.94835,0,0,0,16,2018
Collingwood,284.9154,15.1242,0.8884,0.5139,0.1184,16,2018
Essendon,-99.4808,10.01625,0.0253,0,0,16,2018
Footscray,-472.777,6.52865,0,0,0,16,2018
Fremantle,-310.0224,7.9054,0.0012,0,0,16,2018
Geelong,352.2159,14.17185,0.8333,0.3357,0.0031,16,2018
Gold Coast,-674.1485,4.63155,0,0,0,16,2018
GWS,165.8183,12.52615,0.411,0.0657,0,16,2018
Hawthorn,262.3142,13.7859,0.7656,0.1833,4e-4,16,2018
Melbourne,391.9195,13.2645,0.6591,0.1807,0.0017,16,2018
North Melbourne,199.7535,12.90135,0.4977,0.123,6e-4,16,2018
Port Adelaide,243.7154,15.76285,0.9072,0.609,0.0846,16,2018
Richmond,501.1691,17.60085,0.9978,0.9518,0.7003,16,2018
St Kilda,-472.9714,5.4215,0,0,0,16,2018
Sydney,263.7372,14.724,0.8146,0.4164,0.0152,16,2018
West Coast,302.952,15.82305,0.9528,0.6203,0.0757,16,2018
Adelaide,26.410400000000003,12.1078,0.3517,0.0013,0,17,2018
Brisbane Lions,-204.319,5.3479,0,0,0,17,2018
Carlton,-740.8376,1.6821,0,0,0,17,2018
Collingwood,239.4477,14.3848,0.8368,0.3833,0.0232,17,2018
Essendon,-57.74849999999999,10.38195,0.0348,1e-4,0,17,2018
Footscray,-503.2232,6.42785,0,0,0,17,2018
Fremantle,-285.3953,8.77315,0.0011,0,0,17,2018
Geelong,336.1234,13.69905,0.8147,0.2152,4e-4,17,2018
Gold Coast,-717.8195,4.2594,0,0,0,17,2018
GWS,164.4472,12.9273,0.5263,0.1082,1e-4,17,2018
Hawthorn,200.9331,12.7104,0.5186,0.069,0,17,2018
Melbourne,421.6884,13.33945,0.7197,0.2352,0.0062,17,2018
North Melbourne,191.3046,12.3229,0.3991,0.041,0,17,2018
Port Adelaide,219.7782,14.8719,0.8692,0.4753,0.0161,17,2018
Richmond,502.1842,17.191,0.998,0.9647,0.7249,17,2018
St Kilda,-412.1851,5.76985,0,0,0,17,2018
Sydney,273.0058,15.2718,0.9335,0.6248,0.0238,17,2018
West Coast,346.2052,16.5314,0.9965,0.8819,0.2053,17,2018
Adelaide,23.476599999999998,12.3557,0.3574,0.0047,0,18,2018
Brisbane Lions,-200.2373,5.1207,0,0,0,18,2018
Carlton,-794.3974,1.60155,0,0,0,18,2018
Collingwood,305.5375,14.828,0.9588,0.6118,0.033,18,2018
Essendon,-43.3259,10.5336,0.0376,6e-4,0,18,2018
Footscray,-525.3372,6.4565,0,0,0,18,2018
Fremantle,-301.5337,8.58965,0,0,0,18,2018
Geelong,328.6376,13.94935,0.9173,0.2955,1e-4,18,2018
Gold Coast,-651.2592,5.30025,0,0,0,18,2018
GWS,198.951,13.73975,0.7438,0.2395,6e-4,18,2018
Hawthorn,255.9206,12.8631,0.5681,0.104,0,18,2018
Melbourne,426.3403,13.0434,0.6779,0.1699,1e-4,18,2018
North Melbourne,123.8198,11.83675,0.1685,3e-4,0,18,2018
Port Adelaide,185.97,14.0683,0.7831,0.2916,0.0012,18,2018
Richmond,538.0557,17.27405,0.9998,0.9888,0.7585,18,2018
St Kilda,-449.0647,5.65365,0,0,0,18,2018
Sydney,204.9704,14.1566,0.7895,0.3628,7e-4,18,2018
West Coast,373.4759,16.6291,0.9982,0.9305,0.2058,18,2018
Adelaide,0.18150000000000022,11.09615,0.0114,0,0,19,2018
Brisbane Lions,-203.613,4.79725,0,0,0,19,2018
Carlton,-720.5967,2.43925,0,0,0,19,2018
Collingwood,300.5062,14.4428,0.9952,0.7567,0.0011,19,2018
Essendon,18.009,11.01225,0.0231,0,0,19,2018
Footscray,-559.2788,5.78745,0,0,0,19,2018
Fremantle,-334.2584,8.19055,0,0,0,19,2018
Geelong,344.0841,13.56205,0.9978,0.4978,0,19,2018
Gold Coast,-666.0973,4.4182,0,0,0,19,2018
GWS,176.473,12.84,0.6671,0.1489,0,19,2018
Hawthorn,302.577,12.47935,0.7378,0.1093,0,19,2018
Melbourne,411.8801,12.7864,0.8409,0.2467,0,19,2018
North Melbourne,168.489,11.91,0.2259,0,0,19,2018
Port Adelaide,223.2441,13.8866,0.9601,0.3838,1e-4,19,2018
Richmond,552.7343,16.86815,1,1,0.9925,19,2018
St Kilda,-453.7455,4.9881,0,0,0,19,2018
Sydney,139.2112,12.57625,0.541,0.043,0,19,2018
West Coast,300.2002,14.9192,0.9997,0.8138,0.0063,19,2018
Adelaide,3.8336000000000023,12.0704,0.0179,0,0,20,2018
Brisbane Lions,-206.637,4.80925,0,0,0,20,2018
Carlton,-829.8929,2.36435,0,0,0,20,2018
Collingwood,299.7401,14.46395,0.9539,0.6069,0,20,2018
Essendon,15.661899999999997,11.04105,0.0033,0,0,20,2018
Footscray,-520.7696,6.85325,0,0,0,20,2018
Fremantle,-392.9316,8.18,0,0,0,20,2018
Geelong,342.859,13.5739,0.9101,0.0681,0,20,2018
Gold Coast,-764.2889,4.3951,0,0,0,20,2018
GWS,285.1383,13.94385,0.775,0.3537,1e-4,20,2018
Hawthorn,305.7377,13.46245,0.784,0.1603,0,20,2018
Melbourne,508.68,13.81735,0.8928,0.4696,5e-4,20,2018
North Melbourne,170.7757,12.91485,0.3051,0,0,20,2018
Port Adelaide,218.9344,13.85285,0.8306,0.2346,0,20,2018
Richmond,555.3577,17.86745,1,1,0.9912,20,2018
St Kilda,-489.8838,4.95605,0,0,0,20,2018
Sydney,138.753,13.4979,0.5273,0.1736,0,20,2018
West Coast,358.9324,15.936,1,0.9332,0.0082,20,2018
Adelaide,-4.107800000000001,11.756,0,0,0,21,2018
Brisbane Lions,-210.4567,4.8097,0,0,0,21,2018
Carlton,-838.1482,2.3021,0,0,0,21,2018
Collingwood,304.6442,14.49365,0.9273,0.6393,0,21,2018
Essendon,44.0327,11.1681,0.0047,0,0,21,2018
Footscray,-495.8389,7.77115,0,0,0,21,2018
Fremantle,-384.3664,8.23855,0,0,0,21,2018
Geelong,328.8939,12.99005,0.8869,0,0,21,2018
Gold Coast,-814.758,4.34035,0,0,0,21,2018
GWS,293.5807,14.2752,1,0.4913,0,21,2018
Hawthorn,321.0168,14.0656,0.9835,0.3719,0,21,2018
Melbourne,488.5947,13.0179,0.7984,0.0652,0,21,2018
North Melbourne,145.6426,11.99385,0.0147,0,0,21,2018
Port Adelaide,208.3835,13.18275,0.492,0.0119,0,21,2018
Richmond,605.8333,17.9116,1,1,0.9958,21,2018
St Kilda,-519.59,4.8124,0,0,0,21,2018
Sydney,157.0905,14.25275,0.8925,0.4206,0,21,2018
West Coast,369.5531,16.6183,1,0.9998,0.0042,21,2018
Adelaide,-6.699199999999999,11.94635,0,0,0,22,2018
Brisbane Lions,-211.374,5.15215,0,0,0,22,2018
Carlton,-846.3008,2.05365,0,0,0,22,2018
Collingwood,349.7843,14.8172,1,0.8308,0,22,2018
Essendon,55.8105,11.10935,0,0,0,22,2018
Footscray,-487.5492,8.0148,0,0,0,22,2018
Fremantle,-487.7843,8.1828,0,0,0,22,2018
Geelong,431.3961,12.99935,0.9993,0,0,22,2018
Gold Coast,-814.3961,4.00065,0,0,0,22,2018
GWS,270.4388,13.69335,1,0.0332,0,22,2018
Hawthorn,307.8528,14.15805,1,0.1663,0,22,2018
Melbourne,516.5612,13.80665,1,0.1334,0,22,2018
North Melbourne,148.0573,11.7987,0,0,0,22,2018
Port Adelaide,164.1895,12.89065,7e-4,0,0,22,2018
Richmond,594.5492,17.9852,1,1,1,22,2018
St Kilda,-507.0573,4.7013,0,0,0,22,2018
Sydney,180.1472,14.84195,1,0.8363,0,22,2018
West Coast,342.374,15.84785,1,1,0,22,2018
Adelaide,76,12,0,0,0,23,2018
Brisbane Lions,-224,5,0,0,0,23,2018
Carlton,-929,2,0,0,0,23,2018
Collingwood,335.8925,15.20205,1,0.8665,0,23,2018
Essendon,94,12,0,0,0,23,2018
Footscray,-462,8,0,0,0,23,2018
Fremantle,-485,8,0,0,0,23,2018
Geelong,489.6498,13.45785,1,0,0,23,2018
Gold Coast,-874,4,0,0,0,23,2018
GWS,230.3315,13.8107,1,0,0,23,2018
Hawthorn,320.0544,15.2296,1,0.6316,0,23,2018
Melbourne,551.3502,14.54215,1,0.5019,0,23,2018
North Melbourne,160,12,0,0,0,23,2018
Port Adelaide,126,12,0,0,0,23,2018
Richmond,578.9456,18.7704,1,1,1,23,2018
St Kilda,-519,4.5,0,0,0,23,2018
Sydney,164.6685,14.6893,1,0,0,23,2018
West Coast,366.1075,16.79795,1,1,0,23,2018
Adelaide,76,12,0,0,0,24,2018
Brisbane Lions,-224,5,0,0,0,24,2018
Carlton,-929,2,0,0,0,24,2018
Collingwood,339.2076,15.73345,1,0.7468,0,24,2018
Essendon,94,12,0,0,0,24,2018
Footscray,-462,8,0,0,0,24,2018
Fremantle,-485,8,0,0,0,24,2018
Geelong,462,13,1,0,0,24,2018
Gold Coast,-874,4,0,0,0,24,2018
GWS,277.7924,14.76655,1,0.2474,0,24,2018
Hawthorn,297.6916,15.46125,1,0.4531,0,24,2018
Melbourne,580.3084,15.53875,1,0.5527,0,24,2018
North Melbourne,160,12,0,0,0,24,2018
Port Adelaide,126,12,0,0,0,24,2018
Richmond,600,19,1,1,1,24,2018
St Kilda,-519,4.5,0,0,0,24,2018
Sydney,109,14,1,0,0,24,2018
West Coast,371,17,1,1,0,24,2018
Adelaide,76,12,0,0,0,25,2018
Brisbane Lions,-224,5,0,0,0,25,2018
Carlton,-929,2,0,0,0,25,2018
Collingwood,332.031,16.24825,1,1,0,25,2018
Essendon,94,12,0,0,0,25,2018
Footscray,-462,8,0,0,0,25,2018
Fremantle,-485,8,0,0,0,25,2018
Geelong,462,13,1,0,0,25,2018
Gold Coast,-874,4,0,0,0,25,2018
GWS,276,14.5,1,0,0,25,2018
Hawthorn,266,15,1,0,0,25,2018
Melbourne,604.5014,16.28855,1,1,0,25,2018
North Melbourne,160,12,0,0,0,25,2018
Port Adelaide,126,12,0,0,0,25,2018
Richmond,608.969,19.75175,1,1,1,25,2018
St Kilda,-519,4.5,0,0,0,25,2018
Sydney,109,14,1,0,0,25,2018
West Coast,378.4986,17.71145,1,1,0,25,2018
Adelaide,76,12,0,0,0,26,2018
Brisbane Lions,-224,5,0,0,0,26,2018
Carlton,-929,2,0,0,0,26,2018
Collingwood,378.352,17.45015,1,1,0,26,2018
Essendon,94,12,0,0,0,26,2018
Footscray,-462,8,0,0,0,26,2018
Fremantle,-485,8,0,0,0,26,2018
Geelong,462,13,1,0,0,26,2018
Gold Coast,-874,4,0,0,0,26,2018
GWS,276,14.5,1,0,0,26,2018
Hawthorn,266,15,1,0,0,26,2018
Melbourne,546,16,1,1,0,26,2018
North Melbourne,160,12,0,0,0,26,2018
Port Adelaide,126,12,0,0,0,26,2018
Richmond,561,19,1,1,1,26,2018
St Kilda,-519,4.5,0,0,0,26,2018
Sydney,109,14,1,0,0,26,2018
West Coast,438.648,18.54985,1,1,0,26,2018
Adelaide,10.255300000000013,11.292,0.4331,0.1644,0.0181,1,2019
Brisbane Lions,-59.59130000000001,8.9469,0.2571,0.0758,0.0089,1,2019
Carlton,-581.7152,1.3954,0.0027,2e-4,0,1,2019
Collingwood,144.1934,13.59175,0.6401,0.2909,0.0455,1,2019
Essendon,-165.7048,8.174900000000001,0.204,0.0485,0.0034,1,2019
Footscray,-114.9758,8.51785,0.189,0.0407,0.0045,1,2019
Fremantle,32.14759999999999,9.975950000000001,0.3291,0.1021,0.0148,1,2019
Geelong,292.69939999999997,17.5059,0.8903,0.6659,0.2303,1,2019
Gold Coast,-318.23310000000004,4.46225,0.0264,0.0022,0,1,2019
GWS,235.62239999999997,14.39285,0.6988,0.3469,0.0708,1,2019
Hawthorn,219.7297,15.34225,0.7638,0.4534,0.131,1,2019
Melbourne,82.45680000000002,13.02215,0.5895,0.2809,0.0442,1,2019
North Melbourne,-214.8081,7.2969,0.1715,0.0416,0.005,1,2019
Port Adelaide,231.569,15.5359,0.7788,0.4781,0.1307,1,2019
Richmond,277.9276,16.93675,0.8513,0.6147,0.2487,1,2019
St Kilda,-200.9357,6.962149999999999,0.1148,0.0252,0.0025,1,2019
Sydney,108.32189999999999,12.7446,0.5665,0.2192,0.0279,1,2019
West Coast,21.040899999999986,11.903550000000001,0.4932,0.1493,0.0137,1,2019
Adelaide,83.06080000000001,13.14885,0.6053,0.299,0.0542,2,2019
Brisbane Lions,14.384199999999987,10.6565,0.3888,0.1642,0.035,2,2019
Carlton,-341.0847,3.6315500000000003,0.0358,0.0048,1e-4,2,2019
Collingwood,229.0871,15.4255,0.7862,0.5097,0.1083,2,2019
Essendon,-187.0314,7.51455,0.1809,0.0458,0.0028,2,2019
Footscray,-16.757800000000014,10.76115,0.3839,0.1258,0.0215,2,2019
Fremantle,27.011200000000017,9.5686,0.3007,0.1027,0.0122,2,2019
Geelong,358.80420000000004,18.14735,0.9175,0.7484,0.3922,2,2019
Gold Coast,-264.7715,5.589300000000001,0.0595,0.008,1e-4,2,2019
GWS,124.49510000000001,13.2433,0.6223,0.2844,0.0456,2,2019
Hawthorn,94.46189999999999,12.841800000000001,0.5778,0.2865,0.0698,2,2019
Melbourne,-102.69739999999999,10.1546,0.3802,0.151,0.0096,2,2019
North Melbourne,-251.5712,6.4182999999999995,0.1479,0.0347,0.003,2,2019
Port Adelaide,155.3066,14.5902,0.7076,0.4046,0.1118,2,2019
Richmond,67.21160000000002,12.96505,0.5834,0.2932,0.0556,2,2019
St Kilda,-136.2894,8.4329,0.2256,0.0653,0.0076,2,2019
Sydney,4.571400000000009,10.88845,0.4081,0.1407,0.0142,2,2019
West Coast,141.8093,14.02205,0.6885,0.3312,0.0564,2,2019
Adelaide,38.731999999999985,12.24015,0.5381,0.2308,0.023,3,2019
Brisbane Lions,52.521399999999986,11.7019,0.4602,0.2039,0.0365,3,2019
Carlton,-365.57259999999997,3.1578500000000003,0.0239,0.002,0,3,2019
Collingwood,163.67510000000001,13.96155,0.7029,0.3593,0.0325,3,2019
Essendon,-134.8067,8.860100000000001,0.2596,0.0694,0.0053,3,2019
Footscray,-49.88509999999999,9.6905,0.3137,0.088,0.01,3,2019
Fremantle,13.634300000000003,9.6006,0.2964,0.0938,0.011,3,2019
Geelong,407.625,19.03055,0.9497,0.834,0.5532,3,2019
Gold Coast,-231.9108,6.7002500000000005,0.0812,0.0109,6e-4,3,2019
GWS,210.6474,14.5341,0.7419,0.4067,0.0714,3,2019
Hawthorn,94.42760000000001,12.96335,0.5884,0.2927,0.0675,3,2019
Melbourne,-149.22920000000002,8.92855,0.2957,0.0963,0.0027,3,2019
North Melbourne,-256.6091,6.2082500000000005,0.1349,0.0252,8e-4,3,2019
Port Adelaide,117.0221,13.599,0.6515,0.339,0.0536,3,2019
Richmond,-21.09479999999999,11.48635,0.4758,0.2029,0.0201,3,2019
St Kilda,-117.87559999999999,8.51895,0.2296,0.0625,0.0041,3,2019
Sydney,17.324100000000012,11.2042,0.4298,0.1542,0.0151,3,2019
West Coast,211.3749,15.6138,0.8267,0.5284,0.0926,3,2019
Adelaide,7.903400000000011,11.2922,0.471,0.1644,0.0133,4,2019
Brisbane Lions,-30.96439999999999,10.34,0.3457,0.1223,0.0167,4,2019
Carlton,-346.9286,3.09875,0.0204,0.0021,0,4,2019
Collingwood,165.0603,14.13155,0.7179,0.3967,0.058,4,2019
Essendon,-37.12449999999999,10.53935,0.3847,0.1255,0.0129,4,2019
Footscray,-51.02459999999999,9.50525,0.3067,0.0814,0.0085,4,2019
Fremantle,8.111599999999992,9.33835,0.2793,0.0825,0.0101,4,2019
Geelong,378.04720000000003,18.02815,0.9308,0.7935,0.4591,4,2019
Gold Coast,-236.7252,6.88615,0.0943,0.014,9e-4,4,2019
GWS,247.1902,15.74385,0.8292,0.5504,0.143,4,2019
Hawthorn,63.14009999999999,11.8089,0.5089,0.2223,0.0473,4,2019
Melbourne,-75.21320000000001,10.7395,0.4268,0.1758,0.011,4,2019
North Melbourne,-241.5316,6.7741999999999996,0.1487,0.0298,0.0017,4,2019
Port Adelaide,84.3354,12.44,0.5612,0.2313,0.0286,4,2019
Richmond,15.625300000000008,12.74855,0.5791,0.2908,0.054,4,2019
St Kilda,-101.78869999999999,9.33825,0.2753,0.0781,0.0067,4,2019
Sydney,-57.798700000000004,9.4364,0.2764,0.078,0.0079,4,2019
West Coast,209.686,15.8106,0.8436,0.5611,0.1203,4,2019
Adelaide,81.1468,11.46615,0.551,0.2426,0.0257,5,2019
Brisbane Lions,-121.02389999999998,8.69475,0.2244,0.0575,0.0054,5,2019
Carlton,-210.7574,4.9489,0.0468,0.0036,1e-4,5,2019
Collingwood,257.5674,14.71975,0.8355,0.5501,0.1135,5,2019
Essendon,67.5308,11.658,0.5386,0.2077,0.0335,5,2019
Footscray,-156.05620000000002,7.1575500000000005,0.148,0.0267,0.003,5,2019
Fremantle,57.22619999999999,9.9669,0.3727,0.12,0.0153,5,2019
Geelong,391.57710000000003,17.63305,0.9639,0.8608,0.5331,5,2019
Gold Coast,-310.37760000000003,5.9988,0.0527,0.0065,3e-4,5,2019
GWS,177.64770000000001,13.66575,0.7553,0.3898,0.0538,5,2019
Hawthorn,21.952799999999993,10.40245,0.4316,0.1637,0.0186,5,2019
Melbourne,-163.3516,8.5288,0.2911,0.0839,0.0021,5,2019
North Melbourne,-325.1354,5.19545,0.0701,0.01,5e-4,5,2019
Port Adelaide,168.9189,13.3711,0.7082,0.3792,0.0641,5,2019
Richmond,28.97459999999999,12.559849999999999,0.6128,0.3132,0.0613,5,2019
St Kilda,-7.866299999999992,10.7416,0.4283,0.1416,0.0169,5,2019
Sydney,-77.54749999999999,8.6721,0.2422,0.0451,0.0023,5,2019
West Coast,119.5736,13.61905,0.7268,0.398,0.0505,5,2019
Adelaide,120.0298,12.19085,0.6214,0.2831,0.0297,6,2019
Brisbane Lions,-46.70980000000001,9.80195,0.3029,0.0792,0.0071,6,2019
Carlton,-208.46880000000002,4.707450000000001,0.0391,0.0022,0,6,2019
Collingwood,256.2074,15.0073,0.8612,0.572,0.0895,6,2019
Essendon,79.2211,11.5237,0.532,0.1823,0.009,6,2019
Footscray,-177.8021,6.6537500000000005,0.1016,0.0121,6e-4,6,2019
Fremantle,92.4966,10.9249,0.4693,0.1667,0.0178,6,2019
Geelong,461.9,18.0917,0.9822,0.9039,0.6235,6,2019
Gold Coast,-366.30129999999997,5.4653,0.0274,0.002,1e-4,6,2019
GWS,233.317,14.3678,0.8265,0.4657,0.0577,6,2019
Hawthorn,13.999200000000009,10.54305,0.4402,0.155,0.0134,6,2019
Melbourne,-226.8301,7.44205,0.191,0.0354,0,6,2019
North Melbourne,-337.56759999999997,4.8689,0.0484,0.0037,1e-4,6,2019
Port Adelaide,189.0923,13.91975,0.7588,0.4267,0.075,6,2019
Richmond,87.0399,13.41545,0.7039,0.36870000000000003,0.0631,6,2019
St Kilda,-40.2651,10.2069,0.376,0.0983,0.0052,6,2019
Sydney,-142.7051,7.6991499999999995,0.1359,0.017,1e-4,6,2019
West Coast,13.346599999999993,12.17005,0.5822,0.226,0.0081,6,2019
Adelaide,139.7258,13.17965,0.6702,0.3282,0.0312,7,2019
Brisbane Lions,-20.385999999999996,10.87925,0.3654,0.1041,0.0096,7,2019
Carlton,-301.466,4.06065,0.0162,2e-4,0,7,2019
Collingwood,309.07529999999997,16.29275,0.9085,0.6597,0.1052,7,2019
Essendon,40.998799999999996,11.38365,0.4731,0.1407,0.0029,7,2019
Footscray,-96.2981,8.41845,0.1886,0.0283,6e-4,7,2019
Fremantle,77.6413,10.94865,0.4306,0.1278,0.0056,7,2019
Geelong,503.7926,19.30405,0.9886,0.9367,0.7028,7,2019
Gold Coast,-386.2471,5.54345,0.0259,0.0019,0,7,2019
GWS,291.6476,15.6769,0.8827,0.5789,0.0831,7,2019
Hawthorn,5.172400000000002,10.45935,0.4006,0.1267,0.0055,7,2019
Melbourne,-215.9233,8.62875,0.2399,0.05,3e-4,7,2019
North Melbourne,-241.296,6.7170499999999995,0.1036,0.0133,4e-4,7,2019
Port Adelaide,131.70420000000001,13.5476,0.6823,0.33,0.0225,7,2019
Richmond,3.0296000000000003,12.4798,0.5736,0.225,0.019,7,2019
St Kilda,-98.72990000000001,9.90935,0.3123,0.0627,0.0024,7,2019
Sydney,-176.3758,7.40815,0.0994,0.0076,1e-4,7,2019
West Coast,33.93460000000001,13.1625,0.6385,0.2782,0.0088,7,2019
Adelaide,174.254,14.0871,0.766,0.4393,0.0433,8,2019
Brisbane Lions,-35.991299999999995,10.3941,0.3145,0.0792,0.0039,8,2019
Carlton,-299.07189999999997,4.0104500000000005,0.0126,4e-4,0,8,2019
Collingwood,303.1099,16.2321,0.9162,0.6653,0.1048,8,2019
Essendon,38.87369999999999,10.98575,0.4469,0.1087,0.0015,8,2019
Footscray,-77.1102,8.9323,0.2018,0.0341,0.0016,8,2019
Fremantle,35.9354,10.0162,0.3195,0.0713,0.0012,8,2019
Geelong,506.7987,19.344,0.9899,0.9461,0.7517,8,2019
Gold Coast,-381.8443,5.13855,0.0132,6e-4,0,8,2019
GWS,245.3759,14.9226,0.8598,0.4991,0.0338,8,2019
Hawthorn,54.266400000000004,11.36075,0.4847,0.16,0.0088,8,2019
Melbourne,-221.0353,8.9429,0.2366,0.0545,1e-4,8,2019
North Melbourne,-249.4745,6.5655,0.0921,0.0075,0,8,2019
Port Adelaide,99.72299999999998,12.7555,0.6236,0.2379,0.0049,8,2019
Richmond,45.922200000000004,13.45965,0.6795,0.3208,0.0302,8,2019
St Kilda,-121.32300000000001,9.29865,0.2405,0.0337,5e-4,8,2019
Sydney,-168.1173,7.9147,0.1065,0.01,0,8,2019
West Coast,49.708600000000004,13.6392,0.6961,0.3315,0.0137,8,2019
Adelaide,167.9831,13.41885,0.7441,0.3496,0.0141,9,2019
Brisbane Lions,-27.635000000000005,11.14365,0.36870000000000003,0.0859,0.0039,9,2019
Carlton,-381.3541,3.69625,0.0063,0,0,9,2019
Collingwood,331.2878,16.4505,0.9326,0.7083,0.106,9,2019
Essendon,32.52689999999999,11.1189,0.4419,0.107,0.001,9,2019
Footscray,-107.6236,8.6901,0.1744,0.0196,0,9,2019
Fremantle,43.32930000000001,9.89475,0.3128,0.0557,2e-4,9,2019
Geelong,538.6066,19.4784,0.9942,0.9588,0.7767,9,2019
Gold Coast,-394.7633,5.13205,0.0119,1e-4,0,9,2019
GWS,322.7688,15.18965,0.8832,0.5576,0.0452,9,2019
Hawthorn,3.996300000000006,10.52105,0.385,0.0859,0.001,9,2019
Melbourne,-222.2824,8.7907,0.2237,0.0419,0,9,2019
North Melbourne,-257.2977,6.04525,0.0589,0.0022,0,9,2019
Port Adelaide,112.8647,12.86445,0.6438,0.256,0.0062,9,2019
Richmond,92.85199999999999,14.15825,0.7705,0.3993,0.0333,9,2019
St Kilda,-147.17249999999999,9.12375,0.2163,0.0204,3e-4,9,2019
Sydney,-164.0164,8.40665,0.1075,0.008,2e-4,9,2019
West Coast,55.929500000000004,13.8768,0.7242,0.3437,0.0119,9,2019
Adelaide,137.34959999999998,12.45475,0.6647,0.2032,0.0031,10,2019
Brisbane Lions,-17.20680000000001,10.94945,0.3652,0.064,0.0018,10,2019
Carlton,-380.5771,3.5556,0.0032,0,0,10,2019
Collingwood,336.1484,16.83765,0.9595,0.7669,0.1016,10,2019
Essendon,8.956499999999995,10.63395,0.387,0.0577,1e-4,10,2019
Footscray,-146.4484,7.8839999999999995,0.1109,0.0086,0,10,2019
Fremantle,36.07750000000001,10.16535,0.3286,0.0562,2e-4,10,2019
Geelong,542.588,19.55415,0.9966,0.9677,0.7797,10,2019
Gold Coast,-399.8344,5.05845,0.0073,2e-4,0,10,2019
GWS,352.5204,15.7592,0.9368,0.6606,0.0507,10,2019
Hawthorn,39.5274,11.13315,0.466,0.1028,0.0015,10,2019
Melbourne,-252.4015,8.22805,0.1661,0.0118,0,10,2019
North Melbourne,-219.632,6.8801499999999995,0.07,0.0024,0,10,2019
Port Adelaide,69.6653,12.03465,0.5622,0.1453,9e-4,10,2019
Richmond,116.07319999999999,14.63915,0.8405,0.4585,0.0413,10,2019
St Kilda,-141.53199999999998,9.39545,0.2275,0.0226,2e-4,10,2019
Sydney,-166.6882,8.0269,0.0771,0.0027,0,10,2019
West Coast,85.4141,14.80995,0.8308,0.4688,0.0189,10,2019
Adelaide,133.564,12.756,0.707,0.2275,0.0049,11,2019
Brisbane Lions,15.6524,11.8019,0.4746,0.0838,0.0018,11,2019
Carlton,-405.0486,3.46775,3e-4,0,0,11,2019
Collingwood,304.2043,15.7429,0.933,0.6682,0.0442,11,2019
Essendon,36.000099999999996,10.8501,0.4135,0.0735,0,11,2019
Footscray,-204.585,7.49195,0.0635,0.0025,0,11,2019
Fremantle,66.43220000000001,11.2413,0.4487,0.1081,5e-4,11,2019
Geelong,536.8972,19.5294,0.9987,0.9738,0.8264,11,2019
Gold Coast,-460.0815,4.8758,0.0063,0,0,11,2019
GWS,412.9595,15.9598,0.9466,0.7241,0.0744,11,2019
Hawthorn,4.771599999999994,10.19725,0.3152,0.05,7e-4,11,2019
Melbourne,-244.05100000000002,7.99995,0.117,0.0036,0,11,2019
North Melbourne,-163.9522,7.84825,0.0949,0.0033,0,11,2019
Port Adelaide,149.9133,12.73595,0.6639,0.2179,0.0021,11,2019
Richmond,57.1748,13.56285,0.7496,0.2999,0.0138,11,2019
St Kilda,-222.7159,8.68705,0.137,0.005,0,11,2019
Sydney,-159.44230000000002,8.0004,0.0662,0.0017,0,11,2019
West Coast,142.3071,15.2514,0.864,0.5571,0.0312,11,2019
Adelaide,159.7502,13.37085,0.8126,0.3083,0.0035,12,2019
Brisbane Lions,-12.089399999999992,10.97185,0.3434,0.0416,0,12,2019
Carlton,-374.735,4.3235,7e-4,0,0,12,2019
Collingwood,336.1469,16.0047,0.9639,0.73,0.0346,12,2019
Essendon,34.73950000000001,10.81845,0.4251,0.0829,1e-4,12,2019
Footscray,-203.5109,7.54395,0.0676,0.0033,0,12,2019
Fremantle,64.4306,11.2046,0.4556,0.1216,5e-4,12,2019
Geelong,607.783,19.9398,0.9999,0.9932,0.9304,12,2019
Gold Coast,-488.1805,4.46155,0.0021,0,0,12,2019
GWS,386.4405,15.38115,0.9414,0.6942,0.0223,12,2019
Hawthorn,4.957399999999994,10.1945,0.3316,0.0557,1e-4,12,2019
Melbourne,-273.2469,7.7600999999999996,0.0917,1e-4,0,12,2019
North Melbourne,-132.6188,8.43035,0.1198,0.0055,0,12,2019
Port Adelaide,149.04749999999999,12.7122,0.6739,0.2465,0.001,12,2019
Richmond,-15.345600000000005,13.0098,0.7055,0.237,9e-4,12,2019
St Kilda,-225.12369999999999,8.6899,0.1488,0.0049,0,12,2019
Sydney,-101.9235,8.7332,0.0985,0.0021,0,12,2019
West Coast,83.4787,14.44955,0.8179,0.4731,0.0066,12,2019
Adelaide,186.79240000000001,13.67475,0.8577,0.342,0.0027,13,2019
Brisbane Lions,-11.4572,10.9814,0.3482,0.0429,3e-4,13,2019
Carlton,-369.9937,4.00145,0,0,0,13,2019
Collingwood,336.4647,16.0155,0.9681,0.7484,0.0327,13,2019
Essendon,52.25560000000001,11.2506,0.464,0.0925,3e-4,13,2019
Footscray,-209.0315,7.79655,0.0643,0.0028,0,13,2019
Fremantle,89.0879,11.7873,0.534,0.1349,6e-4,13,2019
Geelong,607.3034,19.9466,0.9998,0.9934,0.9271,13,2019
Gold Coast,-494.1411,3.93445,2e-4,0,0,13,2019
GWS,405.6968,15.74645,0.9692,0.7772,0.028,13,2019
Hawthorn,-14.404900000000001,9.72045,0.2388,0.0189,0,13,2019
Melbourne,-273.7326,7.75445,0.1019,5e-4,0,13,2019
North Melbourne,-146.6347,8.1902,0.0781,8e-4,0,13,2019
Port Adelaide,122.4009,12.09655,0.6134,0.157,2e-4,13,2019
Richmond,-41.0968,12.71915,0.6811,0.1864,2e-4,13,2019
St Kilda,-220.326,9.2379,0.168,0.0081,0,13,2019
Sydney,-102.8497,8.69375,0.0953,0.002,0,13,2019
West Coast,83.666499999999985,14.4525,0.8179,0.4922,0.0079,13,2019
Adelaide,187.9189,13.6539,0.864,0.3362,0.005,14,2019
Brisbane Lions,58.691199999999995,11.78045,0.4926,0.0678,4e-4,14,2019
Carlton,-369.6091,4.0418,0,0,0,14,2019
Collingwood,330.1404,16.1233,0.9825,0.7599,0.0444,14,2019
Essendon,22.129499999999997,10.9023,0.399,0.0414,0,14,2019
Footscray,-203.36599999999999,7.68585,0.0452,9e-4,0,14,2019
Fremantle,80.3248,11.4544,0.4944,0.0783,1e-4,14,2019
Geelong,588.3114,19.2304,0.9997,0.9932,0.9048,14,2019
Gold Coast,-496.1663,3.8960500000000002,3e-4,0,0,14,2019
GWS,403.9237,15.7278,0.9658,0.772,0.0354,14,2019
Hawthorn,-32.13459999999999,9.267,0.1557,0.0031,0,14,2019
Melbourne,-263.7525,8.13215,0.0936,0,0,14,2019
North Melbourne,-147.8683,8.1396,0.0692,8e-4,0,14,2019
Port Adelaide,142.1388,12.8478,0.7324,0.213,1e-4,14,2019
Richmond,-41.206900000000005,12.6991,0.6754,0.1855,3e-4,14,2019
St Kilda,-292.1408,8.4015,0.0625,0.001,0,14,2019
Sydney,-82.29950000000001,9.15825,0.102,0.0034,0,14,2019
West Coast,114.9653,14.85835,0.8657,0.5435,0.0095,14,2019
Adelaide,182.1504,13.60995,0.8722,0.372,0.001,15,2019
Brisbane Lions,93.5391,12.25275,0.6273,0.1032,8e-4,15,2019
Carlton,-337.1997,5.10545,1e-4,0,0,15,2019
Collingwood,257.0123,14.9543,0.9673,0.6084,0.0133,15,2019
Essendon,31.671399999999995,11.49855,0.5058,0.0642,0,15,2019
Footscray,-147.0907,8.84625,0.0999,0.0019,0,15,2019
Fremantle,47.410000000000004,10.3453,0.3291,0.0262,0,15,2019
Geelong,592.4927,19.28715,0.9999,0.9979,0.9506,15,2019
Gold Coast,-514.3256,3.83115,1e-4,0,0,15,2019
GWS,395.4588,15.21805,0.9707,0.7724,0.013,15,2019
Hawthorn,-46.869600000000005,8.5342,0.0695,2e-4,0,15,2019
Melbourne,-299.3775,7.5413499999999996,0.0327,0,0,15,2019
North Melbourne,-70.5123,9.4171,0.1618,0.0024,0,15,2019
Port Adelaide,83.9649,11.58815,0.5408,0.095,0,15,2019
Richmond,-10.8724,13.12825,0.7507,0.2543,3e-4,15,2019
St Kilda,-323.0762,8.00465,0.0214,1e-4,0,15,2019
Sydney,-61.77159999999999,9.2721,0.1126,0.0025,0,15,2019
West Coast,127.396,15.5653,0.9381,0.6993,0.021,15,2019
Adelaide,106.35860000000001,12.649,0.7452,0.1591,0,16,2019
Brisbane Lions,134.69650000000001,13.1794,0.7991,0.2189,0.0053,16,2019
Carlton,-335.4419,4.8226,0,0,0,16,2019
Collingwood,246.5757,14.26735,0.9401,0.5405,0.0116,16,2019
Essendon,34.8791,11.8012,0.505,0.0818,0,16,2019
Footscray,-98.21849999999999,10.12735,0.1949,0.0069,0,16,2019
Fremantle,-58.2066,9.49825,0.1123,0.0018,0,16,2019
Geelong,552.0118,18.32115,1,0.9971,0.9061,16,2019
Gold Coast,-604.2122,3.5491,0,0,0,16,2019
GWS,348.753,14.08625,0.9299,0.581,0.003,16,2019
Hawthorn,-34.9077,9.2115,0.0582,2e-4,0,16,2019
Melbourne,-306.9147,7.6747,0.0172,0,0,16,2019
North Melbourne,-45.8074,9.5417,0.1237,0.0023,0,16,2019
Port Adelaide,156.4488,12.44665,0.7003,0.183,0,16,2019
Richmond,78.51259999999999,13.52475,0.8164,0.3661,9e-4,16,2019
St Kilda,-347.9193,7.8565,0.0094,0,0,16,2019
Sydney,-57.9105,9.14995,0.0642,2e-4,0,16,2019
West Coast,231.30270000000002,16.2926,0.9841,0.8611,0.0731,16,2019
Adelaide,196.6595,13.01015,0.8557,0.2089,0,17,2019
Brisbane Lions,204.3516,14.17615,0.9758,0.4269,0.0183,17,2019
Carlton,-299.966,5.8654,0,0,0,17,2019
Collingwood,255.9843,14.94045,0.9905,0.6701,0.014,17,2019
Essendon,32.656600000000005,12.085,0.5534,0.054,0,17,2019
Footscray,-96.67739999999999,10.3992,0.1765,0.0048,0,17,2019
Fremantle,-79.74029999999999,9.2661,0.0598,0,0,17,2019
Geelong,542.3711,18.3057,1,0.9958,0.9433,17,2019
Gold Coast,-696.851,3.3355,0,0,0,17,2019
GWS,324.0612,13.64845,0.9371,0.4483,4e-4,17,2019
Hawthorn,-9.228000000000003,9.46445,0.0529,1e-4,0,17,2019
Melbourne,-310.7176,7.31635,4e-4,0,0,17,2019
North Melbourne,-42.3412,9.2748,0.0496,0,0,17,2019
Port Adelaide,88.35900000000001,11.4268,0.4466,0.022,0,17,2019
Richmond,106.61999999999999,14.04505,0.8968,0.3979,0.0029,17,2019
St Kilda,-343.4777,7.80875,0.0053,0,0,17,2019
Sydney,-89.05380000000001,8.1746,0.0156,0,0,17,2019
West Coast,216.9897,15.4571,0.984,0.7712,0.0211,17,2019
Adelaide,159.104,12.1311,0.7313,0.0348,0,18,2019
Brisbane Lions,213.2501,14.5522,0.9983,0.4948,0.0559,18,2019
Carlton,-290.4428,5.97695,0,0,0,18,2019
Collingwood,212.4738,14.5662,0.9865,0.599,0.0078,18,2019
Essendon,74.0761,13.10725,0.7719,0.1163,0,18,2019
Footscray,-132.7494,9.6889,0.061,0,0,18,2019
Fremantle,-84.57990000000001,9.55245,0.0472,0,0,18,2019
Geelong,494.5006,17.31045,1,0.9897,0.881,18,2019
Gold Coast,-708.8249,3.18265,0,0,0,18,2019
GWS,366.0783,13.96865,0.968,0.4781,9e-4,18,2019
Hawthorn,39.1146,10.50805,0.1446,2e-4,0,18,2019
Melbourne,-316.3988,7.0182,0,0,0,18,2019
North Melbourne,-50.8169,8.8617,0.0098,0,0,18,2019
Port Adelaide,54.178000000000004,11.06665,0.3094,4e-4,0,18,2019
Richmond,140.0572,14.40005,0.9696,0.4488,0.0041,18,2019
St Kilda,-305.4791,8.55795,0.0065,0,0,18,2019
Sydney,-84.16109999999999,7.8522,0.0015,0,0,18,2019
West Coast,220.6202,15.6984,0.9944,0.8379,0.0503,18,2019
